id,department_id,name,email,role,address
1,4,Mr. John Grant,christine73@example.net,Developer,"968 Breanna Divide Apt. 201
Jessicaview, SD 17657"
2,4,Richard Ward,zfields@example.net,Developer,"44047 Henderson Mission Apt. 315
Port Erin, PW 60653"
3,3,Wendy White,phamrobert@example.org,Tech Lead,"654 Soto Rapids
Davidberg, HI 15257"
4,4,Julie Branch,ojohnson@example.net,Tech Lead,"4392 Doyle Fort
Bradyport, AS 93852"
5,4,Elizabeth Wallace,nancyfarrell@example.org,Tester,"89645 Christopher Highway
North Hunterfurt, MI 42396"
6,3,Christina Brown,harrisonlori@example.com,Business Analyst,"502 Hansen Knolls Suite 800
Clarkmouth, OK 72661"
7,2,Marissa Scott,robinellis@example.com,Developer,"0495 Joanne Street
East Stephanie, ID 14992"
8,2,Jay Richardson,james76@example.net,Business Analyst,"9776 Clark River
Wardshire, MS 28245"
9,3,Cynthia Garcia,jacob13@example.com,Tech Lead,"931 Dennis Corners
New Stephen, PW 44722"
10,1,Michael Burgess,rwilson@example.com,Tech Lead,"5228 Sarah Roads Suite 320
New Brittneyhaven, GU 64952"
11,5,Nina Davis,thomasgreene@example.com,Tester,"291 John Summit Apt. 676
West Garybury, MA 41472"
12,1,Ann Kirby,johnny20@example.com,Tester,"02846 Diaz Junctions
Schroederville, NV 66825"
13,3,Angel Price,elizabethmartinez@example.org,Developer,"0153 Wilkinson Divide
West Leslie, MH 56245"
14,5,Joshua Moore,bill97@example.com,Business Lead,"87458 Anderson Mall Suite 810
West Andrewborough, GA 86448"
15,5,Casey Chen,kathleenfletcher@example.net,Developer,"34764 Thompson Stravenue
Jenkinstown, CT 92888"
16,1,Janet May,erik80@example.org,Developer,"8988 Hayley Stream Suite 769
South Michael, NH 26008"
17,2,Brett Klein,jacob45@example.org,Developer,"9847 Gray Light Suite 910
Robinsonbury, NV 68203"
18,5,Kristie Davies,morrisjoseph@example.net,Developer,"879 Matthew Freeway
West Richardhaven, OH 87661"
19,2,Gregory Richardson,jdawson@example.net,Tester,"3888 Smith Drives Suite 078
Port Codyborough, TN 92642"
20,5,Laura Kirk,brandon03@example.org,Business Analyst,"4072 Mckee Ways Suite 035
Steinchester, NH 20453"
21,5,Lisa Henry,williamschristine@example.org,Tester,"41886 Richmond Courts
North Ashleyshire, NV 75858"
22,5,Paul Cruz,zachary31@example.org,Developer,"4210 Larson Shoals
Port Jay, IL 17929"
23,2,Richard Lopez,josephillips@example.com,Developer,"770 Russo Lake Apt. 169
Brianburgh, AZ 19357"
24,3,Anthony Martin,karen80@example.com,Tech Lead,"685 Randy Fort
Ashleyville, VT 39846"
25,4,Mark Norton,paulagardner@example.net,Business Analyst,"3880 Amanda Ranch Suite 288
Mistyton, FM 64229"
26,1,Heidi Gibson,mcleanjohn@example.com,Tester,"PSC 4130, Box 8696
APO AP 48057"
27,5,Bobby Green,jason52@example.com,Business Lead,"512 Adams Brook
Amyport, TN 54102"
28,3,Mary Bryant,shannonjones@example.net,Tester,"12121 Martin Mountains Apt. 112
North Valerie, AK 27449"
29,5,Jamie Rodriguez,christinayang@example.org,Developer,"2586 Nicolas Cape
West Bianca, MP 15118"
30,1,Shawn Butler,christopher54@example.org,Tech Lead,"297 Mcintosh Plains Apt. 326
Jenningsshire, MA 40465"